Id,SAlePrice
1461,130999.20039699948
1462,161228.6697685492
1463,196424.95314516488
1464,197356.13320220914
1465,178136.0520362064
1466,171405.31411433703
1467,174776.45553581
1468,162498.66378700064
1469,187764.77324030662
1470,127407.43108588076
1471,192650.3156344538
1472,100667.05946061364
1473,94280.90301237823
1474,143421.42570464342
1475,133065.19021380425
1476,404100.70268850785
1477,299327.8878797635
1478,289471.89174150635
1479,251121.57068408572
1480,493514.0893584445
1481,355279.5806182811
1482,202014.31136854686
1483,162644.8510619103
1484,179787.43442219082
1485,179011.8719427555
1486,196096.1631995843
1487,361213.9367616238
1488,233135.95213448475
1489,202887.65326194803
1490,215984.28666104164
1491,197253.82288779816
1492,94980.0905370359
1493,179854.9881961198
1494,298762.2928183072
1495,317420.10595813143
1496,231582.70239872247
1497,195201.23674254178
1498,165054.9049131086
1499,160722.19638979423
1500,152228.72161090988
1501,178103.6776860008
1502,150045.60490924818
1503,311190.6774959186
1504,243239.96656907658
1505,229269.08909656917
1506,176929.91739409583
1507,240246.84470835218
1508,211267.92718681053
1509,153088.7942978967
1510,142559.0433251073
1511,142821.64336479094
1512,167416.69386202833
1513,140454.8999161876
1514,176585.66082546994
1515,198434.07852866274
1516,168013.03468995466
1517,170784.19646028633
1518,126827.41087635138
1519,219655.4651720473
1520,133313.11769405816
1521,135347.61769548254
1522,165888.2932600982
1523,115014.399941119
1524,118785.21561413747
1525,119285.72886733685
1526,115756.10996087361
1527,119236.3816725998
1528,134840.88799524144
1529,150890.85252800342
1530,169641.6082231268
1531,110503.7056350871
1532,97741.98257193239
1533,142975.52846281134
1534,125087.39789885652
1535,154167.72968464677
1536,101193.83195866267
1537,73308.23676095548
1538,194277.71444377667
1539,219191.46580503765
1540,101061.92731378623
1541,131233.3763825567
1542,144783.3371841673
1543,209079.57198687585
1544,82729.13161258573
1545,103766.03486932616
1546,127582.57343582396
1547,124905.29581028348
1548,136909.819768051
1549,110454.35383524298
1550,131766.31217448934
1551,110255.06042115159
1552,133433.685742468
1553,169044.3522109828
1554,114772.27570398041
1555,176251.43919069885
1556,86518.42675433573
1557,100040.61089440902
1558,100176.09126511966
1559,101638.05936310056
1560,140762.8383622331
1561,133135.93850074225
1562,128257.93355546944
1563,129023.1300238566
1564,177315.42801410222
1565,148387.73063370824
1566,237252.147062374
1567,76495.65726004158
1568,224995.9273146208
1569,161603.56145730545
1570,146787.88959020446
1571,130985.9904462324
1572,145716.38155502043
1573,236622.37147656103
1574,121135.83518208467
1575,215133.32589865357
1576,222729.75787641027
1577,204393.71647511097
1578,154716.00810180104
1579,155670.56468921894
1580,192530.80106025215
1581,155002.96646094657
1582,122949.02075115989
1583,321877.1591124267
1584,215429.35508123296
1585,140471.17900944795
1586,80381.77444241443
1587,97248.24896659456
1588,139761.82841860238
1589,105177.63178036228
1590,136219.45743796477
1591,80322.30744146784
1592,121395.97005650066
1593,128439.75552005778
1594,149025.3820546331
1595,125648.40175075145
1596,245398.27464637096
1597,194025.8538302158
1598,212128.5460877778
1599,182814.76643410997
1600,166623.17295788077
1601,75376.17330984736
1602,119139.2589877948
1603,82179.27331440955
1604,271086.4853948775
1605,261088.96206625225
1606,163587.42869587068
1607,196089.64356506278
1608,207326.13212885786
1609,205397.19822271023
1610,132053.0694120666
1611,137037.50690582365
1612,160924.41388563463
1613,162600.45906655287
1614,120577.39267708939
1615,93323.55118990652
1616,71293.66629820461
1617,93942.49128135089
1618,125023.0219783571
1619,149721.9123082298
1620,160714.16534527173
1621,132960.71104217414
1622,132334.29480551308
1623,276090.44119201205
1624,226008.506963298
1625,135001.18162619538
1626,174699.0521514164
1627,196752.08897098515
1628,275801.86421647214
1629,186262.46823941704
1630,360340.4990143379
1631,216584.10833754222
1632,263285.6710011949
1633,177464.80130016746
1634,192672.68795854156
1635,172544.20546433574
1636,152842.73245165293
1637,194523.107190788
1638,207248.72835597728
1639,179139.88095262382
1640,257761.86982533577
1641,187584.82816575046
1642,225214.77890427486
1643,218394.73719357018
1644,232048.59107505638
1645,197905.1428123502
1646,164831.837678969
1647,160532.46131527258
1648,128556.46446342207
1649,129351.74740011858
1650,121355.35592696269
1651,127928.67575622463
1652,99446.88455258345
1653,103810.0668322311
1654,157253.41830345703
1655,154919.71209601956
1656,141063.94119501053
1657,157089.6265742209
1658,141986.57144820402
1659,134470.47322509452
1660,161606.77354518606
1661,456755.3736505628
1662,457851.98906639696
1663,424578.03162544494
1664,499531.2805741985
1665,318079.5600409873
1666,304606.49516873254
1667,364028.0171511057
1668,347371.3477267604
1669,259979.38462953083
1670,367540.79627249204
1671,255999.773940769
1672,424336.7467400251
1673,330695.7170481354
1674,240290.74964609602
1675,181848.07874009217
1676,192987.18581384682
1677,214457.35742160925
1678,454507.4971083289
1679,352987.4604809013
1680,358937.41735093493
1681,217903.24098716458
1682,285234.6507619867
1683,185475.1607660266
1684,161833.6662741606
1685,165757.80070379027
1686,174292.15912833312
1687,161861.08573924119
1688,197009.7916846475
1689,198424.56144100722
1690,191346.68655742836
1691,184392.3188284884
1692,245348.83527700946
1693,160473.50257128174
1694,174360.35215524252
1695,160530.9037886944
1696,261140.63570392734
1697,165956.09548050922
1698,374944.5495250183
1699,277197.0537707979
1700,231987.3572175973
1701,283345.32192324894
1702,263380.3497507587
1703,262409.08092766465
1704,284033.84249327704
1705,225126.97790098877
1706,402292.0964302779
1707,233510.32933294773
1708,215720.42349483861
1709,281898.27516085247
1710,219537.29462594367
1711,250551.77437709493
1712,261210.0983445968
1713,246972.96420898687
1714,249928.65164133353
1715,209793.99442029707
1716,186256.23034784684
1717,180958.73794842785
1718,136110.25528589243
1719,194961.1467643635
1720,232839.08101777284
1721,170913.21131704125
1722,121502.53204340559
1723,160980.21659617606
1724,229537.83310293412
1725,246876.58524664422
1726,193464.4567516748
1727,157984.7617362327
1728,178132.76676721324
1729,159882.3897767876
1730,182391.35316809686
1731,116704.79636850978
1732,131815.7370206251
1733,123554.50014359732
1734,113641.29572944615
1735,133315.27334653967
1736,114599.18513684212
1737,351000.32980493887
1738,225725.54745730205
1739,280963.4539958962
1740,221564.07864485946
1741,202424.39173763117
1742,169000.65754137957
1743,180140.96587214316
1744,296367.5108334006
1745,221389.2521351929
1746,217430.54053692656
1747,237011.98078389434
1748,231530.9528765055
1749,142997.24494924856
1750,130079.20519957587
1751,242326.59581350704
1752,122780.91528655261
1753,148161.45014166454
1754,189295.91888140264
1755,170383.99110969668
1756,129397.26446400354
1757,119409.70457376532
1758,146033.88079325782
1759,166731.96565005335
1760,172761.576106488
1761,155420.182852781
1762,180586.0426896044
1763,160942.3466500697
1764,112754.80247907079
1765,170065.37279728233
1766,171376.25309632553
1767,208850.32989601762
1768,148702.16150264128
1769,179379.52408498767
1770,148944.84332923504
1771,126511.93401780474
1772,132704.38367834484
1773,139746.53395102028
1774,137824.36466645487
1775,136990.71935955068
1776,127704.98741391045
1777,113989.66730126829
1778,144952.17332454992
1779,126860.5628654169
1780,162631.18047826536
1781,124322.19945249005
1782,93305.62676104918
1783,148960.36700697007
1784,120486.7310157067
1785,118356.71331823638
1786,143034.08264017728
1787,177821.24819110922
1788,59274.657623280626
1789,100956.7999770831
1790,95126.30072853122
1791,193411.9158479974
1792,162962.05786758885
1793,129024.01667548699
1794,156999.14257320747
1795,135748.67259356135
1796,124119.75332417982
1797,121277.88777140144
1798,128501.80542864776
1799,110467.54105342046
1800,126966.84155368543
1801,134359.61880962847
1802,135151.7048043373
1803,148426.5890262793
1804,144450.291394592
1805,142074.38391646338
1806,127726.69043385098
1807,132370.20886317914
1808,132495.78678366353
1809,109950.34470591751
1810,133746.43553016914
1811,90574.00055213975
1812,76347.41694019435
1813,116656.74814159871
1814,90492.09532228675
1815,57776.53950422641
1816,97595.7109627636
1817,110848.03640534118
1818,146209.70931238955
1819,112993.51753725196
1820,71540.84889551597
1821,102133.61176230469
1822,137753.2781666982
1823,37015.09977673323
1824,137128.4857134627
1825,145875.2015973838
1826,94415.78240986288
1827,99724.93655802838
1828,137176.46812806837
1829,104471.09402775376
1830,145309.485684762
1831,163376.48178725527
1832,77779.25086748063
1833,136970.0614250472
1834,114365.29593884667
1835,130399.76576978338
1836,127808.7986568922
1837,96934.14274009882
1838,121377.22961636203
1839,101264.30333631886
1840,165086.95308239042
1841,147329.52934768255
1842,89550.7891601961
1843,136228.34411027018
1844,136782.30265356283
1845,143612.4863955211
1846,151859.37820052955
1847,173642.6768279952
1848,56025.089751512176
1849,123562.02131618373
1850,105846.28053963033
1851,157113.2008921313
1852,117646.04822180627
1853,133695.80846282205
1854,171826.41804607894
1855,154127.191409771
1856,216951.123072034
1857,178668.89564344668
1858,142899.96203397447
1859,133837.89034334052
1860,148335.52410825167
1861,132186.82645918507
1862,301564.31596781075
1863,306175.7190590454
1864,306175.7190590454
1865,333107.39563374897
1866,332982.45239646645
1867,242867.43291130982
1868,295820.2296773385
1869,200000.54810217494
1870,246568.7177503856
1871,245879.1501164056
1872,170248.23065447246
1873,243890.59465045625
1874,146235.8273245508
1875,199432.87210472615
1876,195868.93046977255
1877,210877.4190320308
1878,191331.40745516898
1879,136860.30881065514
1880,128389.73866290375
1881,241471.5527622906
1882,240540.75862616106
1883,194443.618967847
1884,209581.57773649102
1885,223467.9182228189
1886,299673.55367022683
1887,212640.45736100868
1888,286169.8446869417
1889,161996.61538300847
1890,126568.08541276638
1891,132307.6545426888
1892,98614.18209905896
1893,136231.7236663976
1894,120121.17785323947
1895,132234.71823446156
1896,132313.23449560025
1897,122860.00063056758
1898,121188.179787122
1899,173601.53010140883
1900,155400.12069258833
1901,181152.8859410012
1902,139110.3838705478
1903,216106.59529846098
1904,161117.29305896853
1905,198490.08918372303
1906,153842.05384713403
1907,228095.20774673158
1908,110180.49605720502
1909,123252.73707661135
1910,116743.42073931328
1911,208356.74621041858
1912,314151.92344577936
1913,147830.7725434413
1914,73562.52332920216
1915,334786.8520876169
1916,82294.09660505263
1917,248239.16771875718
1918,146762.96428381605
1919,171593.93601247604
1920,147466.22351595628
1921,416532.03659587656
1922,320761.819305778
1923,215362.4739494001
1924,218073.14944375813
1925,198410.08871120177
1926,408324.4182003767
1927,131869.30845483605
1928,151202.53169556224
1929,118469.45357976947
1930,135795.412806505
1931,146595.9706289333
1932,127697.17579526239
1933,175898.68362381007
1934,181854.9672402287
1935,173894.36680097226
1936,193143.05110351116
1937,178970.9052210027
1938,167976.61631198498
1939,244636.83465661932
1940,176229.97758701904
1941,173851.7291126536
1942,177422.38961619162
1943,196046.6580421135
1944,338639.6167269779
1945,397926.3666598706
1946,143292.81474497326
1947,310559.990729143
1948,145564.7854889242
1949,233294.02570594102
1950,193311.04369135422
1951,270096.7164998486
1952,207987.87044689208
1953,170005.7900924816
1954,188419.2138764791
1955,127374.57925078913
1956,301124.10067179066
1957,160383.8902428649
1958,330301.7977738206
1959,140914.63217658436
1960,115163.63604320008
1961,123522.99619304607
1962,101957.04619045957
1963,111805.62632105082
1964,92419.79090096711
1965,143987.29732146155
1966,143266.50477327243
1967,325690.94506083557
1968,409004.6795564776
1969,386858.87502903194
1970,421491.0931126098
1971,444754.54430071946
1972,369006.9756538281
1973,252767.08998090407
1974,315768.9109106292
1975,523759.97033723135
1976,275102.86456952535
1977,386994.39205893956
1978,351709.54284644383
1979,315677.99071729754
1980,200169.88381634638
1981,349179.4431923311
1982,224134.66288778165
1983,205423.87048906618
1984,168934.20770364956
1985,222592.77391588897
1986,209461.50532502783
1987,187458.5034726144
1988,165329.4087300879
1989,194506.67243171262
1990,209208.87023050452
1991,237025.49193159398
1992,226269.69206968904
1993,164083.5034488088
1994,255801.99357221343
1995,190959.39559202504
1996,259955.40271949087
1997,292542.4063596088
1998,351608.1912014161
1999,253270.3043613368
2000,287951.69255170145
2001,267721.249391104
2002,241025.24900672538
2003,281720.41754617647
2004,293659.6454538244
2005,217632.570410505
2006,241380.438088145
2007,244807.94115443178
2008,218768.53240997164
2009,196523.1046191895
2010,195261.9140805932
2011,131831.87271130353
2012,175737.22819224407
2013,185443.49749441596
2014,188077.58798152508
2015,214891.1464804869
2016,195005.59074184563
2017,202368.94985828566
2018,121973.58557340738
2019,136434.8372706622
2020,110047.61006350964
2021,103618.91571481954
2022,179015.5304739901
2023,142503.78336173817
2024,244516.84986636322
2025,346281.8204974792
2026,174552.05877076538
2027,152966.56053202247
2028,151092.37603166894
2029,176149.90568794165
2030,285415.1518766993
2031,227637.8975224313
2032,261003.023018723
2033,269041.86125879164
2034,160008.4560414954
2035,206204.63536915416
2036,204521.91838608345
2037,212216.0478884901
2038,309427.96428120823
2039,231023.101494957
2040,354497.0142096529
2041,299425.5422634877
2042,198097.70946013933
2043,178351.69629612166
2044,168126.53797243995
2045,217459.27963764936
2046,126315.1573666934
2047,134603.34720379146
2048,140846.9881955318
2049,138045.72472825224
2050,178400.3170844625
2051,111411.7881815819
2052,123782.34820739625
2053,141962.08080045594
2054,98663.83745774174
2055,152972.15861366657
2056,148391.17776285208
2057,113255.13818185146
2058,221901.11759731235
2059,135690.91750268854
2060,173740.69781971182
2061,183376.39794818574
2062,135788.79751980476
2063,114384.74191677287
2064,140430.68998956057
2065,115501.50488690416
2066,164632.18671545293
2067,129342.06523001299
2068,144585.63363111793
2069,93534.81298022422
2070,116212.83694193159
2071,116010.32462478157
2072,105094.6715819688
2073,133844.4407516957
2074,191466.32093406012
2075,152000.1261210895
2076,127805.42973223541
2077,152849.16658201264
2078,121270.78114211047
2079,129879.6409774521
2080,113207.66134614586
2081,131954.5431481268
2082,130373.45126460158
2083,144658.615129566
2084,115356.2374557855
2085,118624.7810841418
2086,142204.00675515417
2087,112925.06835439728
2088,97267.49588678975
2089,77362.35169669247
2090,133744.80011996455
2091,118301.9671344202
2092,131436.12826464334
2093,123405.56703475342
2094,119568.82102802297
2095,138048.67756877514
2096,77139.87003153273
2097,85707.60150788372
2098,132393.65954482174
2099,60818.02048417463
2100,104869.4150425864
2101,118017.41672720519
2102,119155.46872294998
2103,99649.31244637107
2104,147861.80039687347
2105,119868.16052991681
2106,64622.63312100436
2107,223396.7644125818
2108,104314.62343439051
2109,107126.64075728868
2110,145998.22666527334
2111,156549.85622801172
2112,143229.13515975824
2113,119639.89974940475
2114,115966.63841911677
2115,155480.70091309983
2116,113557.66591364528
2117,145875.64840775356
2118,112475.67051864136
2119,116224.81280111127
2120,114185.46957215828
2121,112079.72575582354
2122,104701.74330502078
2123,84566.15332708246
2124,159315.93860020846
2125,124627.79389744425
2126,147552.41906765295
2127,160955.24971198692
2128,146774.90987720323
2129,100480.95562011961
2130,143042.8406432191
2131,141719.05466094133
2132,112038.96568802418
2133,121353.34824513967
2134,116881.8091343419
2135,91742.90876989116
2136,75337.07636386357
2137,109995.94605914754
2138,125637.56911361255
2139,151279.93834808253
2140,142566.8486529457
2141,147293.43189679345
2142,119453.15032948079
2143,144882.83970718563
2144,123997.6945367353
2145,132045.4374044211
2146,163609.37506948935
2147,145895.56730048195
2148,120791.71369362794
2149,137891.84977396348
2150,226887.90605673793
2151,133520.83345781534
2152,158062.95154932237
2153,174677.31426752955
2154,114040.5926091294
2155,145568.50037594006
2156,265430.219887444
2157,232460.35198446986
2158,227431.3970691174
2159,204490.46624675958
2160,181885.59761298244
2161,240697.61245310877
2162,392664.71691861795
2163,351213.38454863883
2164,268605.15360962774
2165,185342.40319796233
2166,144535.60086944315
2167,220972.15750237062
2168,204644.15266783372
2169,200179.5042620356
2170,220579.25359407344
2171,156741.26284345007
2172,134584.17760091322
2173,172480.99094459115
2174,227484.68664940263
2175,330073.3595430786
2176,327384.3584019483
2177,232332.11857945521
2178,220317.07781467345
2179,140059.27660711244
2180,236315.21844828798
2181,195565.80324440944
2182,218620.63293307397
2183,191414.13390250583
2184,115490.20900057768
2185,114328.6613187041
2186,151608.59999008608
2187,147940.88062103788
2188,150768.91026775236
2189,250072.17201208684
2190,96103.38164881321
2191,91449.93594461506
2192,85045.657230298
2193,112092.3759867406
2194,109572.99012564203
2195,116822.28886986982
2196,109005.9828854936
2197,130206.8698111219
2198,161899.36053747043
2199,186490.63807253735
2200,148460.25371877273
2201,144343.23026440747
2202,215295.19909853226
2203,153443.03081221317
2204,179943.31338422376
2205,114567.57454581365
2206,134414.16863491372
2207,238048.1940618131
2208,278791.7026377946
2209,227315.12744028054
2210,117783.56170973652
2211,120938.35784975023
2212,118543.56809446614
2213,102913.0476198833
2214,125485.67663510231
2215,107764.82499597284
2216,138355.28854954458
2217,84081.17396423664
2218,91407.13026096033
2219,93048.41349769756
2220,88831.9449845867
2221,350129.2848830124
2222,257628.95323521763
2223,286259.1564142293
2224,209415.5976659396
2225,140565.69837865818
2226,186283.87598785543
2227,195247.524199564
2228,287691.4826136059
2229,261008.02037648298
2230,127584.20196474018
2231,214898.44821050542
2232,158953.7523043484
2233,163256.0485177136
2234,226331.35394867932
2235,212252.9762023436
2236,274875.3936878233
2237,339129.7476321256
2238,198789.02047661605
2239,112346.19981312135
2240,163961.87392322117
2241,165536.9585157668
2242,135936.92793011267
2243,120841.00879038876
2244,106486.86774199775
2245,102811.99268156159
2246,140299.60923065164
2247,109416.16889072565
2248,128092.84153237662
2249,130353.33470585276
2250,140647.1505629794
2251,118821.88691126977
2252,177186.07236394225
2253,145332.38737756887
2254,173775.84232055178
2255,190911.65865677528
2256,189646.05881856085
2257,198549.16031194784
2258,166514.8725310177
2259,174922.6069914311
2260,153600.55511977704
2261,176051.92290868997
2262,199467.54687218196
2263,355661.3971322669
2264,468947.84813246434
2265,170788.120998765
2266,280564.7859037621
2267,396117.03126245603
2268,417174.0120599505
2269,146387.99080679836
2270,182479.0766327896
2271,220655.59504854836
2272,201162.38857885438
2273,166109.34796301037
2274,184399.5637762924
2275,156990.81552919676
2276,190658.09328143235
2277,184763.7891054307
2278,145511.46775441483
2279,128643.6972713941
2280,132588.96964676084
2281,168125.4144735244
2282,184473.40632328112
2283,107419.13033737599
2284,114119.50915758699
2285,158568.92065107636
2286,119322.93390579976
2287,350838.17562036647
2288,280862.95137670875
2289,395904.31870222057
2290,461152.9001989379
2291,332094.5993634829
2292,416225.1313579199
2293,449734.3723112764
2294,413614.87608135294
2295,435384.95247871394
2296,349364.3515324063
2297,330003.55461468047
2298,319870.42506177863
2299,382222.9416266701
2300,348083.3464850137
2301,254199.24531606497
2302,247924.78032302135
2303,235431.65519794472
2304,241544.16188605886
2305,189500.6605651718
2306,187705.572122882
2307,186772.33971720206
2308,220828.26838253203
2309,279078.23689610965
2310,216434.3861037736
2311,197947.3642832171
2312,159629.5655243747
2313,169305.88172638122
2314,176740.66764923406
2315,173596.8283701531
2316,187289.97648225646
2317,178761.5712836425
2318,182016.146212153
2319,180133.56264598345
2320,189440.4054590311
2321,244965.58356077442
2322,177817.3609782806
2323,199220.92261335877
2324,166639.0316249434
2325,209277.15262967593
2326,164878.43895956132
2327,205626.5786232978
2328,225931.80739968596
2329,189413.0292695441
2330,178479.0960571812
2331,371359.1074903717
2332,370473.9653644684
2333,318887.2105856562
2334,259743.04357183428
2335,257207.45002168952
2336,338812.9915785224
2337,207703.57617783893
2338,306822.8124466338
2339,223112.77285957447
2340,370759.5152768219
2341,236019.96779078536
2342,251747.21300872287
2343,217796.03732941608
2344,220441.79892446855
2345,238049.14314623212
2346,228722.8155221754
2347,197278.26605327768
2348,248632.6383885638
2349,176161.07736891136
2350,303186.08839508455
2351,244675.65529592888
2352,235796.66024430704
2353,227840.51384300453
2354,150361.7220654071
2355,152211.389620356
2356,151122.73629944114
2357,192715.56709797753
2358,188528.31438764845
2359,136449.62851090435
2360,120124.30516261005
2361,143892.63321217132
2362,250142.52425862584
2363,129887.389949038
2364,154791.92094020214
2365,231890.97362661964
2366,199938.83266813803
2367,244216.8507044963
2368,226915.14619753984
2369,238035.56358433515
2370,160720.3283523983
2371,179869.03489129475
2372,205000.68958516404
2373,252614.71985615685
2374,300602.3840264357
2375,257134.59846948215
2376,275357.1118881592
2377,364972.4653476811
2378,137900.8753655071
2379,195852.41698674453
2380,144015.59511550335
2381,176381.38696015847
2382,194899.6115851273
2383,203883.62993674082
2384,231019.8836594735
2385,156982.01434744976
2386,132208.12100535317
2387,139794.9099733719
2388,101984.59624427714
2389,118567.15648203142
2390,141065.02339910687
2391,139627.57154034125
2392,117572.41838852476
2393,161045.5227206507
2394,137883.7575307574
2395,211585.52571951013
2396,146775.9586219939
2397,223460.42208268665
2398,142947.43833237697
2399,62513.33502452196
2400,60520.332681676984
2401,108264.73770750198
2402,131247.29003736842
2403,127967.82718473524
2404,153344.0852131757
2405,152154.97552148168
2406,150130.27532426128
2407,122480.41040020523
2408,134226.09150029343
2409,127272.69582349
2410,162961.588063802
2411,117374.67107613944
2412,160046.02253478713
2413,124471.91351115932
2414,149820.9482930494
2415,135502.36919792354
2416,127257.94416011032
2417,135819.92399088453
2418,132174.86283590522
2419,123978.77919271548
2420,132053.48841585772
2421,153590.543914348
2422,121019.3611467788
2423,141709.60977083913
2424,152404.8547951111
2425,225902.46967893245
2426,138069.43252844387
2427,136200.95384458505
2428,185699.05957465016
2429,113015.98300563036
2430,135565.9710560469
2431,119700.25977783522
2432,145910.81163462717
2433,151700.21759983932
2434,140290.94216253477
2435,158334.7987720354
2436,117257.01907618897
2437,108897.38409408428
2438,121339.11623700373
2439,113838.8559291016
2440,112847.82292822664
2441,96272.00076144295
2442,98757.77740974796
2443,124757.22585251262
2444,117385.51785320595
2445,81110.79279275333
2446,130248.03675044284
2447,199712.06261244786
2448,137611.9705249367
2449,104273.84893292832
2450,147607.3232081575
2451,128263.45021599995
2452,206840.74610715304
2453,98212.01098581035
2454,138767.11813860133
2455,124345.75554506922
2456,127757.0818042923
2457,122219.00784826165
2458,123578.50974381246
2459,110169.06340263796
2460,132782.18550608394
2461,120139.00136679751
2462,127885.8627030733
2463,108959.2675778554
2464,169694.55354845576
2465,140562.41048252484
2466,119522.74336563343
2467,134222.82022428335
2468,72756.43069704044
2469,70383.19234282449
2470,194566.3825570204
2471,203383.5059468082
2472,161152.15561688817
2473,117644.63884044945
2474,90135.06380362331
2475,226136.5960858728
2476,114279.11810877401
2477,127927.42784955216
2478,148744.37796549586
2479,109103.52306178813
2480,164307.4951472528
2481,119130.34757767935
2482,140188.65972594725
2483,114553.92918332729
2484,123358.78154038009
2485,121688.94505437253
2486,151739.75323550426
2487,189480.0390416726
2488,164022.1770519813
2489,155004.21215951862
2490,166155.76401593
2491,102237.75281207367
2492,184812.78445899475
2493,156008.6002936458
2494,146292.8885440921
2495,96347.82027409154
2496,256792.60707254824
2497,150231.96733685286
2498,110610.77735970604
2499,109638.25383915172
2500,132136.58161734842
2501,134540.2726152101
2502,136940.7804087852
2503,102868.78939010022
2504,168042.41224591047
2505,216835.54015446425
2506,267221.27278498135
2507,296226.70900724066
2508,265418.3159756426
2509,239569.3709996903
2510,210585.28712314725
2511,176492.04973320002
2512,197878.63054573364
2513,226162.12614901425
2514,280695.1695096474
2515,152683.59832952975
2516,157781.4925781719
2517,141727.86518453475
2518,155075.68541253143
2519,226521.82037353033
2520,234796.47074434385
2521,191367.87360010986
2522,229733.90344238153
2523,125881.59815676446
2524,133476.44130939
2525,152457.2424681046
2526,136082.6074690325
2527,116572.64057777743
2528,127916.30856906567
2529,134753.35494238106
2530,141008.48241541124
2531,243930.85654963145
2532,225772.93358023552
2533,198440.36374529856
2534,233772.25965628613
2535,326254.4021108702
2536,232565.0881237333
2537,231050.89715094067
2538,186563.63509972376
2539,190159.8829819502
2540,178162.9057718227
2541,177632.21085564437
2542,163556.70747793326
2543,124991.95082922475
2544,119200.47264317411
2545,140443.4010049861
2546,120286.44589277322
2547,145349.6866108256
2548,170385.82857675033
2549,156570.06010399276
2550,292291.82793672144
2551,136407.1941832729
2552,129256.61861170335
2553,92297.00919260703
2554,99343.2137398334
2555,126179.66571704161
2556,104069.39911800792
2557,112555.6209868884
2558,144849.62194754227
2559,145398.73516139417
2560,146581.4056704123
2561,158147.45384500633
2562,130959.54915108929
2563,151210.8612591862
2564,197363.5034040078
2565,148365.36873147645
2566,169735.0768940263
2567,129395.47704658187
2568,229251.51812869837
2569,190501.72885472485
2570,118876.49106951762
2571,190191.18300432604
2572,157640.41436604434
2573,225873.81767573295
2574,295043.07469804096
2575,129728.60028318282
2576,129200.30156169296
2577,151069.9636885426
2578,89840.40523826274
2579,68776.73079474531
2580,121920.86870869983
2581,135694.35650124995
2582,124955.45843457445
2583,290183.0860837761
2584,165704.72652852
2585,178348.0201262313
2586,225678.58976753853
2587,196630.68047507675
2588,158289.2569409661
2589,151100.94935865543
2590,200711.8820566391
2591,226441.16327998103
2592,219263.49215433683
2593,259921.73320139456
2594,168922.66316917763
2595,194003.62346571687
2596,297373.12515536253
2597,174336.69180111532
2598,265337.9315027172
2599,312121.1346460433
2600,173688.44452936752
2601,145461.6562781822
2602,82287.4688065611
2603,95406.78431344128
2604,84415.64512479787
2605,81337.73883245997
2606,152566.41867985795
2607,192542.88392598944
2608,216013.96599912556
2609,159228.45424321425
2610,110717.05168411242
2611,145662.81047723882
2612,159471.7948201422
2613,133028.8964814494
2614,125843.96272785426
2615,151323.49788956525
2616,150020.91420625962
2617,179947.96800954125
2618,198034.80717341288
2619,194886.7637379953
2620,192147.47316764473
2621,191073.39310513515
2622,182240.82888303482
2623,226103.85772383687
2624,322838.0294559967
2625,333304.5888699143
2626,170876.92717309852
2627,166120.25647249634
2628,470620.2726256393
2629,472724.2917011905
2630,400299.1136793942
2631,460489.0640118401
2632,439710.80665267154
2633,301257.707689431
2634,408480.0398210455
2635,172713.24150828368
2636,182780.9724852951
2637,189381.2999108875
2638,249557.84241177238
2639,182713.7297297036
2640,169572.32541016798
2641,110925.44347015161
2642,184789.34632501626
2643,101789.64613606418
2644,121772.16933165031
2645,112270.47971537116
2646,99974.54963443079
2647,106594.97087282731
2648,147165.1160022652
2649,146668.9246723814
2650,153657.70740631205
2651,141542.05186032443
2652,395310.24957343587
2653,259309.14549845428
2654,243918.68635595508
2655,356875.14030148915
2656,311165.1817369693
2657,329374.4990576708
2658,303673.1169768384
2659,278538.2059560365
2660,337480.80331886036
2661,344928.3032754782
2662,303005.5271576316
2663,344794.96379759035
2664,251397.38064704335
2665,310861.77639216057
2666,280763.49150154117
2667,160294.2186311591
2668,178146.89927173802
2669,173417.52420852633
2670,284986.9247301137
2671,185936.8527960005
2672,208363.04023895468
2673,199663.39878988394
2674,217752.55315359266
2675,180628.75696920688
2676,193599.10947864602
2677,186130.47563876212
2678,238392.61604936933
2679,274388.5058414197
2680,290208.7012303954
2681,392471.58562448644
2682,333476.0026985685
2683,486482.7051425963
2684,294501.6408146778
2685,337825.7808925363
2686,269909.2479197994
2687,343360.26522740535
2688,208745.8730003921
2689,208723.80272310102
2690,421655.3571083809
2691,184008.50568271248
2692,141365.28625527926
2693,197036.21420338328
2694,132784.04496809133
2695,192261.77053644447
2696,190228.16631953153
2697,178640.5641818561
2698,195329.54174342036
2699,178927.25488908155
2700,161168.80036410372
2701,147312.91518096937
2702,98479.61690562464
2703,124016.70349846009
2704,140385.6863412525
2705,114256.00906694647
2706,108836.06195635923
2707,115220.24378570105
2708,133128.60226453506
2709,101581.4694761188
2710,130611.95668718952
2711,253690.93792825867
2712,404280.59459144785
2713,169317.96615952015
2714,150547.44024065515
2715,177274.41683841322
2716,143221.54035767738
2717,197671.77149455683
2718,248744.88912084405
2719,158602.5825939919
2720,164910.5190528213
2721,129236.10808073118
2722,156058.74622329068
2723,142097.1581030258
2724,128748.07044827793
2725,131636.33842753584
2726,149669.27841849858
2727,191910.81173905116
2728,168418.85355119954
2729,142990.11126684747
2730,137544.09161712485
2731,132639.54760393992
2732,137322.35666972192
2733,155632.9308573266
2734,143040.4452289971
2735,139017.86551810612
2736,140755.816627314
2737,125241.62916550276
2738,132924.24499839684
2739,159674.68198640918
2740,134367.28872304212
2741,150803.15828423272
2742,152301.8958993358
2743,160650.78488554747
2744,171171.03990498625
2745,146910.87945105325
2746,148469.03221458808
2747,151664.97791210143
2748,118580.48936372943
2749,126098.10513531993
2750,144566.7983986415
2751,147615.36265816033
2752,206753.69317670082
2753,136593.1620222779
2754,204973.17406489607
2755,136040.72628062853
2756,105473.80630086856
2757,79708.87762300785
2758,94963.14616765165
2759,152744.08166713055
2760,129456.92096733453
2761,151584.8428635951
2762,150982.39921738362
2763,173397.106388384
2764,166234.35706853983
2765,270858.34114147397
2766,126901.52247369388
2767,93982.50596498772
2768,128089.43307622752
2769,127806.07896746926
2770,152581.97802793584
2771,110701.46102772419
2772,106750.9070764547
2773,156678.1639157387
2774,133433.00573448234
2775,122196.96872095404
2776,128244.16166553798
2777,129769.87678793783
2778,114404.70606592608
2779,128162.05150679429
2780,90857.89719507044
2781,100067.65114617252
2782,95692.00058281828
2783,101922.6915889144
2784,120362.5054331146
2785,134684.2830172084
2786,76702.27189037809
2787,124047.13287300183
2788,75752.79971034572
2789,177466.3886044723
2790,90178.67340074088
2791,102889.47979116312
2792,63495.979635089345
2793,163258.24186865657
2794,96859.0376373227
2795,121608.76960598552
2796,106930.6637411913
2797,178876.55798210998
2798,104862.97283721613
2799,117296.59452993234
2800,52223.57667219119
2801,112463.5913193804
2802,129735.72978871354
2803,189728.53361045252
2804,148554.64011684558
2805,112617.72579128911
2806,96373.14539627987
2807,166353.49409263104
2808,149119.66243966186
2809,134668.32190671287
2810,127282.73515377138
2811,166325.53127653454
2812,161990.15550747566
2813,172741.8574848966
2814,160783.50867760993
2815,109090.42359345347
2816,237730.2586381371
2817,163668.98330955888
2818,124154.78585968676
2819,188182.89250864123
2820,146851.49013310415
2821,108314.11837032613
2822,187462.36413441374
2823,288698.356581823
2824,172838.08599954192
2825,158536.69010726933
2826,125067.43629469284
2827,137163.92214540378
2828,195452.93198536907
2829,201992.02381079842
2830,249976.53592465585
2831,178895.1549270739
2832,254829.84515846352
2833,297175.03798680444
2834,201199.291720503
2835,213495.92609174718
2836,194512.15869587162
2837,158205.12575882865
2838,149272.32710129753
2839,176053.33390911898
2840,216036.43329823873
2841,205015.4534640359
2842,234255.78596090848
2843,151955.25737949688
2844,163803.3726000894
2845,122954.96708620618
2846,218825.26405604812
2847,203233.30141857412
2848,214511.54479249183
2849,196770.5237244507
2850,277728.47339977603
2851,200873.80844309097
2852,231974.7912950316
2853,235429.08245994465
2854,139958.1200072093
2855,208326.64604096982
2856,201574.74327816066
2857,186737.2632807833
2858,213250.96328946188
2859,122731.1992661688
2860,126055.65652948519
2861,117160.93184122253
2862,194193.22174769678
2863,129725.40235653112
2864,228249.03788548277
2865,139631.3646667092
2866,138945.81273423953
2867,106940.56316627856
2868,101042.53020134413
2869,107696.38855366081
2870,113449.0282571391
2871,79794.63501964156
2872,52935.086347404664
2873,111428.12829255109
2874,147022.86301061057
2875,125096.98652437475
2876,155505.9100167025
2877,131330.30579641517
2878,174837.64849909078
2879,151125.69350925143
2880,94136.59118882191
2881,164223.28207795875
2882,185290.7806654389
2883,203172.01300460787
2884,203843.99408624312
2885,184747.56738857925
2886,225289.21454353188
2887,89541.51804821628
2888,126390.12297185048
2889,51853.660405464456
2890,90149.53891043212
2891,138801.6518248237
2892,66181.35693265742
2893,81473.24165578988
2894,62875.10607881773
2895,323042.05988731526
2896,287580.0622995988
2897,201984.44724832368
2898,155058.15340851713
2899,196294.75105370628
2900,163975.29159183401
2901,181902.45046081484
2902,186929.34205758377
2903,351961.113267687
2904,349508.2428843652
2905,141556.86844568272
2906,194804.18385249123
2907,106856.62268596073
2908,134354.7491845561
2909,137509.69924266075
2910,81404.35825983954
2911,82180.7372297141
2912,148944.7614236477
2913,82644.83477530234
2914,78142.08639422101
2915,86001.74005958614
2916,88010.193069339
2917,152403.9057609333
2918,114155.31106441085
2919,228623.64705776854
